refSequence	refPosition	sep_chr_1	sep_chr_2	sep_chr_3	sep_chr_4
hap_2_id1	45	C	G	G	G
hap_2_id1	127	A	A	G	A
hap_2_id1	249	A	A	T	A
hap_2_id1	262	C	C	T	C
hap_2_id1	387	C	G	C	C
hap_2_id1	404	A	A	A	C
hap_2_id1	413	C	C	A	C
hap_2_id1	435	A	A	C	C
hap_2_id1	517	T	T	C	T
hap_2_id1	679	G	T	G	G
hap_2_id1	708	G	G	G	A
hap_2_id1	725	C	C	A	C
hap_2_id1	832	G	G	G	A
hap_2_id1	896	A	T	T	T
hap_2_id1	1060	A	A	T	A
hap_2_id1	1086	T	G	G	G
hap_2_id1	1133	A	A	G	A
hap_2_id1	1287	A	A	T	A
hap_2_id1	1300	T	T	G	G
hap_2_id1	1360	C	C	C	A
hap_2_id1	1473	C	C	G	C
hap_2_id1	1602	G	G	T	G
hap_2_id1	1629	G	G	G	A
hap_2_id1	1713	T	A	A	A
hap_2_id1	1719	T	T	A	T
hap_2_id1	1813	G	G	T	G
hap_2_id1	1841	G	G	G	T
hap_2_id1	1843	T	T	G	T
hap_2_id1	2055	G	G	A	G
hap_2_id1	2092	C	C	T	C
hap_2_id1	2213	C	C	A	C
hap_2_id1	2245	G	C	C	C
hap_2_id1	2286	T	T	A	T
hap_2_id1	2355	C	C	G	C
hap_2_id1	2423	C	C	C	A
hap_2_id1	2580	C	C	A	A
hap_2_id1	2689	A	A	A	C
hap_2_id1	2730	G	G	G	A
hap_2_id1	2736	G	G	A	A
hap_2_id1	2935	C	C	C	A
hap_2_id1	2966	A	A	A	T
hap_2_id1	3008	T	A	A	A
hap_2_id1	3057	G	G	C	G
hap_2_id1	3136	G	G	G	A
hap_2_id1	3167	G	G	T	G
hap_2_id1	3218	T	T	T	G
hap_2_id1	3471	A	C	A	A
hap_2_id1	3481	A	G	G	G
hap_2_id1	3513	A	T	T	T
hap_2_id1	3516	T	A	A	A
hap_2_id1	3672	C	C	C	T
hap_2_id1	3711	T	T	G	T
hap_2_id1	3712	A	A	G	A
hap_2_id1	3745	G	G	C	G
hap_2_id1	3785	T	T	T	G
hap_2_id1	3801	A	A	A	T
hap_2_id1	3824	C	C	G	G
hap_2_id1	3839	C	C	A	A
hap_2_id1	3938	G	C	C	C
hap_2_id1	4106	G	A	G	G
hap_2_id1	4135	A	A	T	T
hap_2_id1	4269	T	T	C	C
hap_2_id1	4329	G	G	A	A
hap_2_id1	4333	A	A	A	T
hap_2_id1	4349	T	T	T	A
hap_2_id1	4374	C	C	C	A
hap_2_id1	4410	G	G	C	G
hap_2_id1	4421	G	T	G	G
hap_2_id1	4498	G	G	T	T
hap_2_id1	4583	A	A	A	C
hap_2_id1	4622	A	T	T	T
hap_2_id1	4633	C	T	C	C
hap_2_id1	4650	C	C	A	C
hap_2_id1	4712	T	G	T	T
hap_2_id1	4781	C	C	G	C
hap_2_id1	4867	A	A	T	A
hap_2_id1	4873	G	G	C	G
hap_2_id1	4929	G	G	G	A
hap_2_id1	5096	T	T	A	T
hap_2_id1	5117	G	G	T	G
hap_2_id1	5202	G	C	C	C
hap_2_id1	5216	A	A	G	A
hap_2_id1	5359	A	T	T	T
hap_2_id1	5436	T	T	A	T
hap_2_id1	5627	G	G	T	G
hap_2_id1	5667	A	A	A	T
hap_2_id1	5980	C	G	C	C
hap_2_id1	6096	C	A	C	C
hap_2_id1	6173	A	A	C	A
hap_2_id1	6222	C	C	C	T
hap_2_id1	6267	A	A	T	A
hap_2_id1	6271	A	A	A	T
hap_2_id1	6398	G	G	G	C
hap_2_id1	6447	T	T	T	A
hap_2_id1	6508	G	C	C	C
hap_2_id1	6575	A	A	T	A
hap_2_id1	6661	T	T	A	T
hap_2_id1	6663	G	G	T	G
hap_2_id1	6720	G	G	A	A
hap_2_id1	6753	A	A	G	A
hap_2_id1	6968	G	A	G	G
hap_2_id1	7108	T	T	C	T
hap_2_id1	7161	T	T	G	T
hap_2_id1	7187	A	A	C	A
hap_2_id1	7197	A	A	T	A
hap_2_id1	7217	A	A	G	G
hap_2_id1	7281	T	G	T	T
hap_2_id1	7366	C	C	G	C
hap_2_id1	7434	T	T	A	T
hap_2_id1	7494	C	C	T	C
hap_2_id1	7500	A	A	C	A
hap_2_id1	7637	A	A	G	C
hap_2_id1	7656	C	C	C	T
hap_2_id1	7667	G	G	G	A
hap_2_id1	7698	A	T	A	A
hap_2_id1	7708	A	A	T	T
hap_2_id1	7925	C	C	T	C
hap_2_id1	8019	T	T	C	T
hap_2_id1	8090	G	G	G	A
hap_2_id1	8203	A	G	A	A
hap_2_id1	8249	C	C	C	A
hap_2_id1	8257	A	A	G	G
hap_2_id1	8526	T	T	G	T
hap_2_id1	8612	C	C	G	C
hap_2_id1	8613	C	A	C	C
hap_2_id1	8824	T	T	C	T
hap_2_id1	8889	A	A	T	A
hap_2_id1	8943	C	C	C	G
hap_2_id1	8971	G	G	A	G
hap_2_id1	9000	A	G	G	G
hap_2_id1	9103	T	T	T	C
hap_2_id1	9112	G	G	G	C
hap_2_id1	9232	T	T	G	T
hap_2_id1	9246	T	T	C	T
hap_2_id1	9345	A	A	G	A
hap_2_id1	9359	A	A	C	A
hap_2_id1	9425	C	C	C	G
hap_2_id1	9475	C	C	T	C
hap_2_id1	9574	G	G	A	A
hap_2_id1	9601	G	G	A	G
hap_2_id1	9626	A	A	C	A
hap_2_id1	9737	A	A	A	T
hap_2_id1	9741	A	A	G	A
hap_2_id1	9761	C	C	G	C
hap_2_id1	9803	A	A	T	A
hap_2_id1	9832	T	T	T	G
hap_2_id1	9891	A	A	A	T
hap_2_id1	9941	G	G	T	G
hap_2_id1	9949	A	A	C	A
hap_2_id1	9993	T	C	C	C
hap_2_id1	10087	C	C	T	C
hap_2_id1	10161	T	C	T	T
hap_2_id1	10400	G	G	G	A
hap_2_id1	10410	G	T	G	G
hap_2_id1	10428	G	C	G	G
hap_2_id1	10558	T	T	A	T
hap_2_id1	10634	C	C	A	C
hap_2_id1	10708	C	T	T	T
hap_2_id1	10742	T	T	A	T
hap_2_id1	10839	C	C	A	C
hap_2_id1	10855	C	C	G	C
hap_2_id1	10860	C	C	A	C
hap_2_id1	10877	T	T	A	T
hap_2_id1	10886	T	G	G	G
hap_2_id1	10952	A	A	A	C
hap_2_id1	10986	A	A	G	A
hap_2_id1	11099	C	G	C	C
hap_2_id1	11136	T	T	C	T
hap_2_id1	11176	C	C	C	T
hap_2_id1	11190	T	G	G	G
hap_2_id1	11242	C	G	G	G
hap_2_id1	11280	C	G	G	G
hap_2_id1	11328	G	T	T	T
hap_2_id1	11435	C	C	A	C
hap_2_id1	11510	A	A	G	A
hap_2_id1	11518	C	G	G	G
hap_2_id1	11548	A	A	A	G
hap_2_id1	11772	C	C	G	C
hap_2_id1	11946	A	T	A	A
hap_2_id1	11970	C	C	G	C
hap_2_id1	12056	C	C	C	G
hap_2_id1	12065	T	C	T	T
hap_2_id1	12067	A	A	A	T
hap_2_id1	12107	T	T	G	T
hap_2_id1	12125	A	A	A	C
hap_2_id1	12144	G	C	C	C
hap_2_id1	12184	A	A	A	C
hap_2_id1	12232	G	G	A	G
hap_2_id1	12328	G	G	C	G
hap_2_id1	12341	C	C	T	T
hap_2_id1	12384	A	A	T	A
hap_2_id1	12468	G	T	G	G
hap_2_id1	12539	C	C	C	A
hap_2_id1	12568	T	T	G	T
hap_2_id1	12649	C	T	T	T
hap_2_id1	12713	T	T	A	A
hap_2_id1	12916	G	A	A	A
hap_2_id1	12987	A	A	T	A
hap_2_id1	13013	G	G	C	G
hap_2_id1	13125	C	C	G	C
hap_2_id1	13149	T	T	C	T
hap_2_id1	13155	T	G	G	G
hap_2_id1	13247	A	A	G	A
hap_2_id1	13599	C	G	G	G
hap_2_id1	13622	C	G	G	G
hap_2_id1	13807	C	G	G	G
hap_2_id1	13884	G	G	C	G
hap_2_id1	13898	G	G	C	G
hap_2_id1	13928	C	G	G	G
hap_2_id1	14042	A	A	G	A
hap_2_id1	14137	G	A	A	A
hap_2_id1	14245	A	G	A	A
hap_2_id1	14337	G	G	C	G
hap_2_id1	14399	T	T	T	A
hap_2_id1	14408	T	T	A	T
hap_2_id1	14419	G	G	G	C
hap_2_id1	14773	T	T	G	T
hap_2_id1	14867	G	G	C	G
hap_2_id1	15232	T	T	G	T
hap_2_id1	15370	G	C	C	C
hap_2_id1	15376	T	T	T	C
hap_2_id1	15555	C	C	C	A
hap_2_id1	15716	C	A	A	A
hap_2_id1	15756	C	C	T	C
hap_2_id1	15845	T	T	A	T
hap_2_id1	15854	T	T	C	T
hap_2_id1	15897	A	G	A	A
hap_2_id1	15926	A	A	G	A
hap_2_id1	15954	A	A	A	C
hap_2_id1	15999	A	A	A	C
hap_2_id1	16195	C	C	C	G
hap_2_id1	16196	A	C	C	C
hap_2_id1	16205	C	C	C	A
hap_2_id1	16456	C	C	G	C
hap_2_id1	16477	A	C	C	C
hap_2_id1	16560	T	T	T	A
hap_2_id1	16601	T	T	C	T
hap_2_id1	16603	T	T	C	T
hap_2_id1	16645	T	T	C	T
hap_2_id1	16664	A	A	T	T
hap_2_id1	16672	T	T	G	T
hap_2_id1	16724	T	T	C	T
hap_2_id1	16907	G	G	C	C
hap_2_id1	16949	T	T	A	T
hap_2_id1	16967	T	C	C	C
hap_2_id1	17009	A	A	G	G
hap_2_id1	17098	T	T	A	T
hap_2_id1	17105	C	C	G	C
hap_2_id1	17114	A	A	C	A
hap_2_id1	17134	A	A	G	G
hap_2_id1	17240	T	T	G	T
hap_2_id1	17264	T	T	G	G
hap_2_id1	17304	G	G	G	C
hap_2_id1	17315	C	C	C	G
hap_2_id1	17335	A	A	T	T
hap_2_id1	17479	C	T	C	C
hap_2_id1	17540	T	T	A	T
hap_2_id1	17789	C	C	A	C
hap_2_id1	17844	A	C	C	C
hap_2_id1	17869	A	C	C	A
hap_2_id1	17941	G	G	G	C
hap_2_id1	17991	G	A	A	A
hap_2_id1	18013	C	C	G	C
hap_2_id1	18060	G	G	C	G
hap_2_id1	18124	G	G	A	G
hap_2_id1	18250	A	A	T	A
hap_2_id1	18275	T	T	C	T
hap_2_id1	18290	C	A	A	A
hap_2_id1	18403	A	A	T	A
hap_2_id1	18458	G	G	A	G
hap_2_id1	18578	G	G	C	G
hap_2_id1	18631	G	G	C	C
hap_2_id1	18742	T	T	T	A
hap_2_id1	18769	A	G	G	G
hap_2_id1	18805	C	C	T	C
hap_2_id1	18836	G	G	G	A
hap_2_id1	18923	G	G	A	G
hap_2_id1	18974	C	C	G	G
hap_2_id1	18987	T	T	C	T
hap_2_id1	19014	G	G	C	G
hap_2_id1	19018	C	C	T	T
hap_2_id1	19113	A	A	C	A
hap_2_id1	19135	T	T	G	T
hap_2_id1	19223	T	A	A	A
hap_2_id1	19243	A	A	A	G
hap_2_id1	19259	C	C	A	C
hap_2_id1	19331	T	T	T	G
hap_2_id1	19399	C	A	C	C
hap_2_id1	19417	G	G	G	A
hap_2_id1	19418	A	T	T	T
hap_2_id1	19469	T	T	A	T
hap_2_id1	19486	T	T	T	C
hap_2_id1	19636	C	C	T	C
hap_2_id1	19736	T	T	T	A
hap_2_id1	19741	A	A	G	A
hap_2_id1	19895	G	G	C	C
hap_2_id1	19898	T	T	T	C
hap_2_id1	19968	T	T	C	T
